size,block,time_ms
200,8,0.2616
200,16,0.052032
200,32,0.067584
400,8,0.448512
400,16,0.287456
400,32,0.282624
800,8,4.02557
800,16,2.53574
800,32,1.9033
1200,8,10.8933
1200,16,7.41664
1200,32,6.71338
1600,8,31.6671
1600,16,20.4564
1600,32,15.5955
2000,8,49.488
2000,16,33.6147
2000,32,29.8742
